Scenario,Selected_Day_Type,Selected_Weather,Travel_Window,Average_Traffic,Median_Traffic,Observations,Evidence_Basis,Recommendation
Weekday travel during rain,Weekday,Rain,21:00 to 22:00,2612.7,2509.0,182,Day type and weather-specific historical pattern,Consider travelling between 21:00 to 22:00. Historical average traffic was approximately 2613 vehicles per hour.
Weekday travel during rain,Weekday,Rain,20:00 to 21:00,2773.2,2789.0,168,Day type and weather-specific historical pattern,Consider travelling between 20:00 to 21:00. Historical average traffic was approximately 2773 vehicles per hour.
Weekday travel during rain,Weekday,Rain,19:00 to 20:00,3256.1,3245.5,188,Day type and weather-specific historical pattern,Consider travelling between 19:00 to 20:00. Historical average traffic was approximately 3256 vehicles per hour.
Weekend travel in clear weather,Weekend,Clear,06:00 to 07:00,1116.6,1129.0,171,Day type and weather-specific historical pattern,Consider travelling between 06:00 to 07:00. Historical average traffic was approximately 1117 vehicles per hour.
Weekend travel in clear weather,Weekend,Clear,07:00 to 08:00,1632.1,1614.0,147,Day type and weather-specific historical pattern,Consider travelling between 07:00 to 08:00. Historical average traffic was approximately 1632 vehicles per hour.
Weekend travel in clear weather,Weekend,Clear,08:00 to 09:00,2413.9,2354.0,166,Day type and weather-specific historical pattern,Consider travelling between 08:00 to 09:00. Historical average traffic was approximately 2414 vehicles per hour.
Weekday travel during squall conditions,Weekday,Squall,21:00 to 22:00,2673.0,2636.0,1425,Day-type historical pattern; weather-specific sample was insufficient,Consider travelling between 21:00 to 22:00. Historical average traffic was approximately 2673 vehicles per hour.
Weekday travel during squall conditions,Weekday,Squall,20:00 to 21:00,2842.4,2866.0,1418,Day-type historical pattern; weather-specific sample was insufficient,Consider travelling between 20:00 to 21:00. Historical average traffic was approximately 2842 vehicles per hour.
Weekday travel during squall conditions,Weekday,Squall,19:00 to 20:00,3297.1,3333.0,1407,Day-type historical pattern; weather-specific sample was insufficient,Consider travelling between 19:00 to 20:00. Historical average traffic was approximately 3297 vehicles per hour.
